[
  {
    "id": "37fc71c9-0e9e-4098-ba38-f12360815e65",
    "data": [
      {
        "text": "1",
        "meta": "@sys.number",
        "alias": "number",
        "userDefined": false
      }
    ],
    "isTemplate": false,
    "count": 0,
    "lang": "en",
    "updated": 0
  },
  {
    "id": "38882432-ba0e-44aa-8e74-3b8a1daa11c9",
    "data": [
      {
        "text": "Main course",
        "userDefined": false
      }
    ],
    "isTemplate": false,
    "count": 1,
    "lang": "en",
    "updated": 0
  }
]