[
  {
    "id": "f7f53ac4-99e5-49a0-bd12-458f978bba32",
    "data": [
      {
        "text": "my address is ",
        "userDefined": false
      },
      {
        "text": "897, 4th Floor, 80 Feet Main Road, 6th Block, Koramangala, Bengaluru",
        "meta": "@sys.address",
        "alias": "address",
        "userDefined": true
      }
    ],
    "isTemplate": false,
    "count": 0,
    "lang": "en",
    "updated": 0
  },
  {
    "id": "b44adf97-9fe9-4ce8-a2c9-350755b5ce6c",
    "data": [
      {
        "text": "my email is ",
        "userDefined": false
      },
      {
        "text": "alex@gmail.com",
        "meta": "@sys.email",
        "alias": "email",
        "userDefined": true
      },
      {
        "text": " and number is ",
        "userDefined": false
      },
      {
        "text": "6789521344",
        "meta": "@sys.phone-number",
        "alias": "phone-number",
        "userDefined": true
      }
    ],
    "isTemplate": false,
    "count": 0,
    "lang": "en",
    "updated": 0
  },
  {
    "id": "dca731f4-ddd1-41e5-9961-d3147abb6352",
    "data": [
      {
        "text": "my name is ",
        "userDefined": false
      },
      {
        "text": "alex",
        "meta": "@sys.given-name",
        "alias": "given-name",
        "userDefined": false
      }
    ],
    "isTemplate": false,
    "count": 0,
    "lang": "en",
    "updated": 0
  },
  {
    "id": "5d060406-ca8d-4353-81fd-79ff46b0ec39",
    "data": [
      {
        "text": "my name is ",
        "userDefined": false
      },
      {
        "text": "alex",
        "meta": "@sys.given-name",
        "alias": "given-name",
        "userDefined": true
      },
      {
        "text": " and email is ",
        "userDefined": false
      },
      {
        "text": "alex@gmail.com",
        "meta": "@sys.email",
        "alias": "email",
        "userDefined": true
      }
    ],
    "isTemplate": false,
    "count": 0,
    "lang": "en",
    "updated": 0
  },
  {
    "id": "f79b17f7-971c-4310-8c2e-fde7163600c4",
    "data": [
      {
        "text": "3",
        "meta": "@sys.number",
        "alias": "number",
        "userDefined": false
      }
    ],
    "isTemplate": false,
    "count": 0,
    "lang": "en",
    "updated": 0
  },
  {
    "id": "ec5b001f-b885-4287-bfb7-2d36569ea4c8",
    "data": [
      {
        "text": "2",
        "meta": "@sys.number",
        "alias": "number",
        "userDefined": false
      }
    ],
    "isTemplate": false,
    "count": 0,
    "lang": "en",
    "updated": 0
  },
  {
    "id": "3260c1ca-2268-44aa-b28c-7448d4efae06",
    "data": [
      {
        "text": "1",
        "meta": "@sys.number",
        "alias": "number",
        "userDefined": true
      }
    ],
    "isTemplate": false,
    "count": 0,
    "lang": "en",
    "updated": 0
  },
  {
    "id": "f7ae787f-3551-4a06-865c-34bb8fa6da5b",
    "data": [
      {
        "text": "Onion",
        "meta": "@sys.ignore",
        "userDefined": true
      }
    ],
    "isTemplate": false,
    "count": 0,
    "lang": "en",
    "updated": 0
  },
  {
    "id": "93162045-d24a-455e-ad13-310ff49c83d3",
    "data": [
      {
        "text": "Mushroom",
        "userDefined": false
      }
    ],
    "isTemplate": false,
    "count": 0,
    "lang": "en",
    "updated": 0
  },
  {
    "id": "c45692aa-7602-482e-a143-f8f3ced4f53d",
    "data": [
      {
        "text": "Crisp Capsicum",
        "userDefined": false
      }
    ],
    "isTemplate": false,
    "count": 0,
    "lang": "en",
    "updated": 0
  },
  {
    "id": "79f3c9c3-0859-4c73-b116-651217e876e3",
    "data": [
      {
        "text": "Black",
        "meta": "@sys.ignore",
        "userDefined": false
      },
      {
        "text": " ",
        "userDefined": false
      },
      {
        "text": "Olive",
        "meta": "@sys.ignore",
        "userDefined": false
      }
    ],
    "isTemplate": false,
    "count": 0,
    "lang": "en",
    "updated": 0
  }
]