[
  {
    "id": "02e679bc-784f-4bd1-b409-8a101cd28b42",
    "data": [
      {
        "text": "5",
        "meta": "@sys.number",
        "alias": "number",
        "userDefined": false
      }
    ],
    "isTemplate": false,
    "count": 0,
    "lang": "en",
    "updated": 0
  },
  {
    "id": "a86c004f-1f7d-4d15-b1a5-6f30f0770a60",
    "data": [
      {
        "text": "4",
        "meta": "@sys.number",
        "alias": "number",
        "userDefined": false
      }
    ],
    "isTemplate": false,
    "count": 0,
    "lang": "en",
    "updated": 0
  },
  {
    "id": "fd2c816f-b85f-4777-9a15-8f3af779f801",
    "data": [
      {
        "text": "3",
        "meta": "@sys.number",
        "alias": "number",
        "userDefined": false
      }
    ],
    "isTemplate": false,
    "count": 0,
    "lang": "en",
    "updated": 0
  },
  {
    "id": "7feae9af-b756-4ce3-9148-fe958cd23a33",
    "data": [
      {
        "text": "2",
        "meta": "@sys.number",
        "alias": "number",
        "userDefined": false
      }
    ],
    "isTemplate": false,
    "count": 0,
    "lang": "en",
    "updated": 0
  },
  {
    "id": "6d3dcaaa-e0cb-4aee-b219-5b2cfc6b9909",
    "data": [
      {
        "text": "1",
        "meta": "@sys.number",
        "alias": "number",
        "userDefined": false
      }
    ],
    "isTemplate": false,
    "count": 0,
    "lang": "en",
    "updated": 0
  },
  {
    "id": "a93e9de0-640c-4a24-9ff9-5fd9699f7069",
    "data": [
      {
        "text": "address is #",
        "userDefined": false
      },
      {
        "text": "897, 4th Floor, 80 Feet Main Road, 6th Block, Koramangala, Bengaluru",
        "meta": "@sys.address",
        "alias": "address",
        "userDefined": true
      }
    ],
    "isTemplate": false,
    "count": 0,
    "lang": "en",
    "updated": 0
  },
  {
    "id": "d073ab12-93a9-430c-bbc3-3287194711a0",
    "data": [
      {
        "text": "my email is ",
        "userDefined": false
      },
      {
        "text": "alex@gmail.com",
        "meta": "@sys.email",
        "alias": "email",
        "userDefined": true
      }
    ],
    "isTemplate": false,
    "count": 0,
    "lang": "en",
    "updated": 0
  },
  {
    "id": "2025f2ab-15fe-4430-a457-6076f1626fcf",
    "data": [
      {
        "text": "my email is ",
        "userDefined": false
      },
      {
        "text": "alex",
        "meta": "@sys.given-name",
        "alias": "given-name",
        "userDefined": true
      },
      {
        "text": " and number is ",
        "userDefined": false
      },
      {
        "text": "7689912345",
        "meta": "@sys.phone-number",
        "alias": "phone-number",
        "userDefined": false
      }
    ],
    "isTemplate": false,
    "count": 0,
    "lang": "en",
    "updated": 0
  },
  {
    "id": "25432d61-deae-41c3-a5ac-9e254db89adb",
    "data": [
      {
        "text": "my name is ",
        "userDefined": false
      },
      {
        "text": "alex",
        "meta": "@sys.given-name",
        "alias": "given-name",
        "userDefined": false
      }
    ],
    "isTemplate": false,
    "count": 0,
    "lang": "en",
    "updated": 0
  },
  {
    "id": "5f3da137-d66e-4531-8f26-f39e8b8d281e",
    "data": [
      {
        "text": "No",
        "userDefined": false
      }
    ],
    "isTemplate": false,
    "count": 0,
    "lang": "en",
    "updated": 0
  }
]