[
  {
    "id": "7e284cb4-b56a-4ff1-8e4f-063e9b5eafb7",
    "data": [
      {
        "text": "pizza",
        "userDefined": false
      }
    ],
    "isTemplate": false,
    "count": 0,
    "lang": "en",
    "updated": 0
  },
  {
    "id": "9179de0b-1344-476e-a031-2204bac5455a",
    "data": [
      {
        "text": "3",
        "meta": "@sys.number",
        "alias": "number",
        "userDefined": false
      }
    ],
    "isTemplate": false,
    "count": 0,
    "lang": "en",
    "updated": 0
  },
  {
    "id": "e040a6f6-bd71-422c-a60c-798f9eaae39b",
    "data": [
      {
        "text": "Pizzas",
        "userDefined": false
      }
    ],
    "isTemplate": false,
    "count": 0,
    "lang": "en",
    "updated": 0
  }
]