[
  {
    "id": "72bd813c-c45a-4c4f-8b8b-ffbde7042db4",
    "data": [
      {
        "text": "5",
        "meta": "@sys.number",
        "alias": "number",
        "userDefined": true
      }
    ],
    "isTemplate": false,
    "count": 0,
    "lang": "en",
    "updated": 0
  },
  {
    "id": "4d119128-1d75-4514-99c9-472a8c90abe2",
    "data": [
      {
        "text": "4",
        "meta": "@sys.number",
        "alias": "number",
        "userDefined": false
      }
    ],
    "isTemplate": false,
    "count": 0,
    "lang": "en",
    "updated": 0
  },
  {
    "id": "e3958b2f-4b72-4472-a95d-f7282a2781b9",
    "data": [
      {
        "text": "3",
        "meta": "@sys.number",
        "alias": "number",
        "userDefined": false
      }
    ],
    "isTemplate": false,
    "count": 0,
    "lang": "en",
    "updated": 0
  },
  {
    "id": "27d0bdf7-e270-4f6f-9636-7d199a0e84e2",
    "data": [
      {
        "text": "2",
        "meta": "@sys.number",
        "alias": "number",
        "userDefined": false
      }
    ],
    "isTemplate": false,
    "count": 0,
    "lang": "en",
    "updated": 0
  },
  {
    "id": "2a7f8fe0-0e8a-4825-917a-579ced56bdf9",
    "data": [
      {
        "text": "1",
        "meta": "@sys.number",
        "alias": "number",
        "userDefined": false
      }
    ],
    "isTemplate": false,
    "count": 0,
    "lang": "en",
    "updated": 0
  },
  {
    "id": "d8edacfc-d67c-4e2e-b61b-9bfa70635481",
    "data": [
      {
        "text": "my name is ",
        "userDefined": false
      },
      {
        "text": "alex",
        "meta": "@sys.given-name",
        "alias": "given-name",
        "userDefined": false
      }
    ],
    "isTemplate": false,
    "count": 0,
    "lang": "en",
    "updated": 0
  },
  {
    "id": "f59674c7-7c77-43b1-8b85-0a4e1424c8c9",
    "data": [
      {
        "text": "my email is ",
        "userDefined": false
      },
      {
        "text": "alex@gmail.com",
        "meta": "@sys.email",
        "alias": "email",
        "userDefined": true
      },
      {
        "text": " and the number is ",
        "userDefined": false
      },
      {
        "text": "7678123456",
        "meta": "@sys.phone-number",
        "alias": "phone-number",
        "userDefined": true
      }
    ],
    "isTemplate": false,
    "count": 0,
    "lang": "en",
    "updated": 0
  },
  {
    "id": "1a5008cc-ac30-462f-aaff-958a74619862",
    "data": [
      {
        "text": "my name is ",
        "userDefined": false
      },
      {
        "text": "alex",
        "meta": "@sys.given-name",
        "alias": "given-name",
        "userDefined": true
      },
      {
        "text": " and email is ",
        "userDefined": false
      },
      {
        "text": "alex@gmail.com",
        "meta": "@sys.email",
        "alias": "email",
        "userDefined": true
      }
    ],
    "isTemplate": false,
    "count": 0,
    "lang": "en",
    "updated": 0
  },
  {
    "id": "919df202-ebb1-4ec6-be2a-7e9eda756ba7",
    "data": [
      {
        "text": "my address is ",
        "userDefined": false
      },
      {
        "text": "897, 4th Floor, 80 Feet Main Road, 6th Block, Koramangala, Bengaluru",
        "meta": "@sys.address",
        "alias": "address",
        "userDefined": true
      }
    ],
    "isTemplate": false,
    "count": 0,
    "lang": "en",
    "updated": 0
  }
]