[
  {
    "id": "3d7db47d-a0ec-4e4a-ac34-041145c1b21b",
    "data": [
      {
        "text": "Buy-Gamberi Pizza",
        "userDefined": false
      }
    ],
    "isTemplate": false,
    "count": 0,
    "lang": "en",
    "updated": 0
  },
  {
    "id": "dac1d0c8-a28e-4b20-9705-868274ed0943",
    "data": [
      {
        "text": "Buy-Jerk Chicken Pizza Now",
        "userDefined": false
      }
    ],
    "isTemplate": false,
    "count": 0,
    "lang": "en",
    "updated": 0
  },
  {
    "id": "22e2209b-ae72-4cfb-a1ca-166f2dd20cc1",
    "data": [
      {
        "text": "Buy-Pepperoni Pizza",
        "userDefined": false
      }
    ],
    "isTemplate": false,
    "count": 0,
    "lang": "en",
    "updated": 0
  }
]