[
  {
    "id": "a92af105-398c-41b3-a016-c5f19c47c656",
    "data": [
      {
        "text": "Large Pizza",
        "userDefined": false
      }
    ],
    "isTemplate": false,
    "count": 0,
    "lang": "en",
    "updated": 0
  },
  {
    "id": "3a3580a1-dd48-41b0-834f-4ecdbf3b2a87",
    "data": [
      {
        "text": "Medium Pizza",
        "userDefined": false
      }
    ],
    "isTemplate": false,
    "count": 0,
    "lang": "en",
    "updated": 0
  },
  {
    "id": "ea9f5201-7567-4192-b52c-20b70ed8d996",
    "data": [
      {
        "text": "Regular Pizza",
        "userDefined": false
      }
    ],
    "isTemplate": false,
    "count": 0,
    "lang": "en",
    "updated": 0
  }
]