[
  {
    "id": "6e068ebb-969c-456e-86d4-620370ec78d7",
    "data": [
      {
        "text": "my name is ",
        "userDefined": false
      },
      {
        "text": "alex",
        "meta": "@sys.given-name",
        "alias": "given-name",
        "userDefined": false
      }
    ],
    "isTemplate": false,
    "count": 0,
    "lang": "en",
    "updated": 0
  },
  {
    "id": "a7a49b5c-45c8-491c-a48f-56e912924b21",
    "data": [
      {
        "text": "my email is ",
        "userDefined": false
      },
      {
        "text": "alex@gmail.com",
        "meta": "@sys.email",
        "alias": "email",
        "userDefined": true
      }
    ],
    "isTemplate": false,
    "count": 0,
    "lang": "en",
    "updated": 0
  },
  {
    "id": "7e6b4a29-ce2f-47e9-a01c-af9c13edc7fb",
    "data": [
      {
        "text": "my email is ",
        "userDefined": false
      },
      {
        "text": "alex",
        "meta": "@sys.given-name",
        "alias": "given-name",
        "userDefined": false
      },
      {
        "text": " and number is ",
        "userDefined": false
      },
      {
        "text": "7689912345",
        "meta": "@sys.phone-number",
        "alias": "phone-number",
        "userDefined": true
      }
    ],
    "isTemplate": false,
    "count": 0,
    "lang": "en",
    "updated": 0
  },
  {
    "id": "fd1a897f-8a48-4a1c-8f15-0d57245cec31",
    "data": [
      {
        "text": "address is #",
        "userDefined": false
      },
      {
        "text": "897, 4th Floor, 80 Feet Main Road, 6th Block, Koramangala, Bengaluru",
        "meta": "@sys.address",
        "alias": "address",
        "userDefined": true
      }
    ],
    "isTemplate": false,
    "count": 0,
    "lang": "en",
    "updated": 0
  },
  {
    "id": "0cca98ce-206a-4a39-9af9-31472c579db6",
    "data": [
      {
        "text": "6",
        "meta": "@sys.number",
        "alias": "number",
        "userDefined": false
      }
    ],
    "isTemplate": false,
    "count": 0,
    "lang": "en",
    "updated": 0
  },
  {
    "id": "195af2f3-b0e8-45dd-8179-27dd4d8230a1",
    "data": [
      {
        "text": "5",
        "meta": "@sys.number",
        "alias": "number",
        "userDefined": false
      }
    ],
    "isTemplate": false,
    "count": 0,
    "lang": "en",
    "updated": 0
  },
  {
    "id": "5b45c99a-fbfa-42b2-8dd3-dd6afb392922",
    "data": [
      {
        "text": "4",
        "meta": "@sys.number",
        "alias": "number",
        "userDefined": false
      }
    ],
    "isTemplate": false,
    "count": 1,
    "lang": "en",
    "updated": 0
  },
  {
    "id": "2d45ec91-2f46-4c4c-a23e-b9863be86221",
    "data": [
      {
        "text": "3",
        "meta": "@sys.number",
        "alias": "number",
        "userDefined": false
      }
    ],
    "isTemplate": false,
    "count": 1,
    "lang": "en",
    "updated": 0
  },
  {
    "id": "c7da503c-f163-482c-a04f-ce495d98dddc",
    "data": [
      {
        "text": "2",
        "meta": "@sys.number",
        "alias": "number",
        "userDefined": false
      }
    ],
    "isTemplate": false,
    "count": 0,
    "lang": "en",
    "updated": 0
  },
  {
    "id": "76d274f5-4949-4241-8261-695781cb882d",
    "data": [
      {
        "text": "1",
        "meta": "@sys.number",
        "alias": "number",
        "userDefined": false
      }
    ],
    "isTemplate": false,
    "count": 0,
    "lang": "en",
    "updated": 0
  },
  {
    "id": "0e9b1e89-ceab-4513-9aee-1cc7ca88e37e",
    "data": [
      {
        "text": "No",
        "userDefined": false
      }
    ],
    "isTemplate": false,
    "count": 0,
    "lang": "en",
    "updated": 0
  }
]