[
  {
    "id": "f327b8ca-7e6e-4361-976a-f928e0717e95",
    "data": [
      {
        "text": "2",
        "meta": "@sys.number",
        "alias": "number",
        "userDefined": false
      }
    ],
    "isTemplate": false,
    "count": 0,
    "lang": "en",
    "updated": 0
  },
  {
    "id": "ce8dc3cd-4225-4145-a75e-aa825240cd9f",
    "data": [
      {
        "text": "Starters",
        "userDefined": false
      }
    ],
    "isTemplate": false,
    "count": 0,
    "lang": "en",
    "updated": 0
  }
]